elapsed_s,tag_hex_id,position_x,position_y,yaw_map
6.985,0x14,1.4737,3.0169,349.81
7.193,0x14,1.5158,3.0266,349.38
7.492,0x14,1.5307,3.1459,349.38
7.791,0x14,1.5566,3.2295,348.38
8.087,0x14,1.5692,3.4282,347.38
8.384,0x14,1.6036,3.5878,345.69
8.684,0x14,1.6341,3.7169,343.38
8.98,0x14,1.6384,3.7497,344.5
9.214,0x14,1.5263,4.2745,347.94
9.278,0x14,1.5589,4.1814,347.69
9.577,0x14,1.5584,3.9313,345.19
9.872,0x14,1.5639,3.8617,345.81
10.169,0x14,1.6013,3.6346,345.44
10.469,0x14,1.5647,3.4551,343.31
10.584,0x14,1.4448,3.8803,344.25
10.768,0x14,1.4196,3.6796,344.0
11.069,0x14,1.419,3.4623,347.12
11.298,0x14,1.3199,3.9905,349.38
11.363,0x14,1.348,3.7314,349.06
11.662,0x14,1.4053,3.5171,348.06
11.957,0x14,1.4921,3.3203,350.81
12.254,0x14,1.553,3.1418,352.0
12.555,0x14,1.6184,2.9698,350.44
12.852,0x14,1.6706,2.8087,348.62
13.149,0x14,1.7112,2.6624,345.62
13.323,0x14,1.5976,3.1138,345.88
13.452,0x14,1.6395,2.949,346.06
13.749,0x14,1.6712,2.8035,346.75
14.052,0x14,1.5934,3.1452,347.94
14.346,0x14,1.6088,3.0042,347.88
14.647,0x14,1.6183,2.9136,348.62
14.943,0x14,1.6121,2.9339,348.75
15.243,0x14,1.5934,3.027,348.94
15.543,0x14,1.5744,3.1113,349.31
15.841,0x14,1.5622,3.1822,347.06
16.012,0x14,1.4554,3.6338,346.69
16.137,0x14,1.4451,3.6776,347.0
16.435,0x14,1.432,3.7027,349.25
16.736,0x14,1.4162,3.7047,351.38
16.788,0x14,1.3465,4.1781,351.62
17.036,0x14,1.3337,4.115,351.69
17.335,0x14,1.317,4.0318,351.06
17.632,0x14,1.3057,3.9352,350.94
17.932,0x14,1.293,3.8362,349.88
18.233,0x14,1.2838,3.7518,348.38
18.531,0x14,1.2781,3.679,349.75
18.829,0x14,1.1939,4.127,350.69
19.127,0x14,1.202,4.0725,348.94
19.425,0x14,1.2117,4.0274,348.69
19.724,0x14,1.223,4.0008,347.94
20.027,0x14,1.2282,3.9885,346.5
20.327,0x14,1.2309,3.9827,343.94
20.622,0x14,1.2336,3.9858,347.31
20.921,0x14,1.239,3.9897,350.75
21.033,0x14,1.148,4.5299,350.44
21.218,0x14,1.1597,4.5179,349.0
21.519,0x14,1.1687,4.5115,348.75
21.814,0x14,1.1745,4.5003,349.06
22.115,0x14,1.1735,4.4821,348.5
22.167,0x14,1.0773,4.9576,348.56
22.416,0x14,1.076,4.9225,350.31
22.714,0x14,1.0795,4.8844,356.56
22.945,0x14,1.0493,5.3868,356.56
23.011,0x14,1.0577,5.3206,355.81
23.31,0x14,1.063,5.2588,353.0
23.609,0x14,1.0671,5.2057,352.62
23.907,0x14,1.072,5.1545,352.62
24.208,0x14,1.0788,5.099,352.19
24.504,0x14,1.0894,5.0424,349.75
24.805,0x14,1.0982,4.9825,352.25
25.102,0x14,1.0623,5.438,354.81
25.402,0x14,1.0803,5.3779,351.56
25.699,0x14,1.0997,5.3311,351.12
25.995,0x14,1.1254,5.2812,351.75
26.295,0x14,1.1516,5.2552,351.38
26.592,0x14,1.1884,5.2745,349.0
26.647,0x14,1.104,5.7037,348.88
26.892,0x14,1.1686,5.7415,348.0
27.194,0x14,1.2368,5.7879,351.25
27.496,0x14,1.3,5.8415,351.56
27.793,0x14,1.3672,5.8912,349.12
28.089,0x14,1.4339,5.944,349.75
28.388,0x14,1.4976,6.0019,349.62
28.686,0x14,1.5475,6.0572,349.12
28.991,0x14,1.5712,6.1017,347.19
29.285,0x14,1.5829,6.1385,347.0
29.583,0x14,1.5948,6.1705,349.25
29.817,0x14,1.5109,6.6964,350.94
29.881,0x14,1.5181,6.7137,350.88
30.178,0x14,1.5166,6.7237,350.25
30.475,0x14,1.5101,6.7347,352.38
30.774,0x14,1.5091,6.7457,352.31
31.07,0x14,1.5122,6.756,350.62
31.369,0x14,1.4242,7.1659,346.31
31.667,0x14,1.4336,7.1699,345.31
31.966,0x14,1.4443,7.1769,350.0
32.262,0x14,1.3887,7.6504,351.44
32.561,0x14,1.4056,7.6495,351.19
32.858,0x14,1.4213,7.6495,350.62
33.154,0x14,1.4363,7.6526,350.0
33.451,0x14,1.4474,7.6577,347.38
33.506,0x14,1.3453,8.0954,346.88
33.754,0x14,1.3614,8.0923,346.31
34.051,0x14,1.3765,8.0897,348.06
34.352,0x14,1.39,8.0869,350.19
34.459,0x14,1.3064,8.5641,350.06
34.645,0x14,1.3203,8.5467,350.25
34.945,0x14,1.3336,8.5288,350.31
35.244,0x14,1.3572,8.509,349.44
35.541,0x14,1.3942,8.4919,346.38
35.84,0x14,1.4335,8.4662,347.31
36.256,0x14,1.4735,8.4362,355.06
36.553,0x14,1.5038,8.4057,353.94
36.854,0x14,1.5329,8.3779,354.75
37.163,0x14,1.5702,8.3551,357.81
37.45,0x14,1.5907,8.3335,4.56
37.751,0x14,1.6046,8.311,16.12
38.046,0x14,1.6197,8.2938,35.88
38.345,0x14,1.6337,8.2798,53.62
38.645,0x14,1.6457,8.2669,66.25
38.699,0x14,2.0857,8.443,68.19
38.944,0x14,2.085,8.4216,73.94
39.254,0x14,2.0872,8.4012,78.38
39.54,0x14,2.0998,8.3844,77.19
39.714,0x14,2.486,8.4834,75.62
39.838,0x14,2.5079,8.4671,74.81
40.136,0x14,2.5256,8.4513,79.38
40.433,0x14,2.5406,8.437,82.56
40.607,0x14,3.031,8.4918,83.62
40.732,0x14,3.0411,8.4812,83.31
41.034,0x14,3.0537,8.4785,82.56
41.33,0x14,3.0623,8.4806,82.25
41.628,0x14,3.0644,8.4896,82.38
41.928,0x14,3.0641,8.503,89.31
42.224,0x14,3.055,8.524,105.06
42.458,0x14,3.4944,8.2965,117.38
42.523,0x14,3.4669,8.3324,120.12
42.824,0x14,3.4443,8.3666,131.12
43.122,0x14,3.4212,8.398,137.12
43.421,0x14,3.3977,8.4275,136.81
43.717,0x14,3.3779,8.4539,133.69
44.016,0x14,3.3647,8.4767,137.75
44.313,0x14,3.3592,8.4948,142.81
44.427,0x14,3.6421,8.1072,143.88
44.614,0x14,3.6294,8.1368,144.12
44.911,0x14,3.6204,8.1646,141.12
45.21,0x14,3.6133,8.1909,126.38
45.322,0x14,4.0079,7.9739,118.81
45.51,0x14,3.9923,7.9987,108.44
45.805,0x14,3.9766,8.0244,96.62
46.103,0x14,3.9619,8.0449,86.12
46.217,0x14,4.4532,8.1047,83.06
46.402,0x14,4.4221,8.1251,80.0
46.701,0x14,4.4018,8.1332,77.38
47.0,0x14,4.39,8.1277,74.25
47.301,0x14,4.3825,8.1074,72.75
47.6,0x14,4.3724,8.0938,73.31
47.83,0x14,4.8988,8.2184,76.69
47.894,0x14,4.8675,8.2103,76.94
48.194,0x14,4.8373,8.2049,76.62
48.495,0x14,4.8042,8.2093,76.94
48.795,0x14,4.765,8.2274,75.38
49.09,0x14,4.725,8.2461,74.12
49.39,0x14,4.6821,8.2639,78.5
49.622,0x14,4.9,8.3468,81.25
49.685,0x14,4.9,8.3702,82.19
49.986,0x14,4.9,8.3914,82.5
50.282,0x14,4.9,8.4157,84.38
50.585,0x14,4.9311,8.4415,88.25
50.881,0x14,4.8694,8.4634,99.75
51.178,0x14,4.8117,8.4807,119.62
51.477,0x14,4.7571,8.4963,144.69
51.775,0x14,4.7074,8.509,155.0
52.075,0x14,4.6621,8.5197,162.69
52.375,0x14,4.6273,8.5225,166.19
52.671,0x14,4.6001,8.5153,167.0
52.97,0x14,4.5786,8.4974,167.06
53.27,0x14,4.5576,8.4628,171.12
53.503,0x14,4.6387,7.9749,170.56
53.572,0x14,4.6134,7.9451,169.94
53.871,0x14,4.5938,7.9081,170.44
54.169,0x14,4.5688,7.8246,170.06
54.469,0x14,4.5441,7.7407,168.19
54.771,0x14,4.5246,7.6779,169.12
55.064,0x14,4.5047,7.6543,170.81
55.297,0x14,4.5931,7.1531,170.0
55.362,0x14,4.5713,7.1251,169.56
55.664,0x14,4.5487,7.0747,169.31
55.959,0x14,4.5303,7.0004,169.0
56.257,0x14,4.5113,6.9574,168.19
56.556,0x14,4.5008,6.9203,167.06
56.857,0x14,4.4953,6.9256,168.25
57.156,0x14,4.4885,6.9276,170.81
57.327,0x14,4.5718,6.4193,170.69
57.462,0x14,4.5648,6.4126,169.5
57.753,0x14,4.5552,6.3915,168.69
58.051,0x14,4.5409,6.3423,167.94
58.347,0x14,4.5201,6.2836,166.44
58.645,0x14,4.5065,6.2352,165.75
58.942,0x14,4.499,6.1899,168.12
59.057,0x14,4.6045,5.6986,167.88
59.241,0x14,4.594,5.6536,166.62
59.541,0x14,4.5721,5.608,165.69
59.835,0x14,4.5108,5.5621,165.62
60.133,0x14,4.4463,5.5359,165.12
60.433,0x14,4.3909,5.5103,162.94
60.732,0x14,4.3665,5.4897,163.0
61.032,0x14,4.344,5.4695,165.56
61.144,0x14,4.4617,5.0017,165.88
61.329,0x14,4.4272,4.9946,165.56
61.635,0x14,4.3939,4.9996,165.94
61.926,0x14,4.3674,5.0059,166.62
62.227,0x14,4.3436,5.008,167.88
62.526,0x14,4.4331,4.6021,164.5
62.824,0x14,4.4109,4.6106,161.88
63.123,0x14,4.3894,4.6149,160.88
63.424,0x14,4.364,4.6134,163.62
63.959,0x14,4.3403,4.6098,165.81
64.255,0x14,4.3183,4.6086,165.31
64.553,0x14,4.2984,4.6078,162.19
64.852,0x14,4.2821,4.6149,161.88
65.155,0x14,4.2642,4.62,165.0
65.448,0x14,4.3661,4.1333,165.44
65.745,0x14,4.3397,4.1478,164.31
66.044,0x14,4.3145,4.1738,164.5
66.342,0x14,4.2879,4.1921,162.75
66.516,0x14,4.4305,3.7501,162.12
66.64,0x14,4.3925,3.7871,162.56
66.938,0x14,4.3479,3.7955,163.94
67.236,0x14,4.3031,3.7794,165.94
67.291,0x14,4.4327,3.2694,165.75
67.534,0x14,4.3852,3.2201,164.5
67.832,0x14,4.3415,3.1534,164.88
68.129,0x14,4.3049,3.0822,165.19
68.427,0x14,4.2732,3.0002,163.06
68.482,0x14,4.3926,2.6084,163.06
68.725,0x14,4.3586,2.534,160.62
69.027,0x14,4.3292,2.4682,161.62
69.324,0x14,4.3004,2.4154,165.06
69.496,0x14,4.4355,1.9199,164.75
69.62,0x14,4.3965,1.889,163.62
69.918,0x14,4.3506,1.8777,161.75
70.22,0x14,4.306,1.8672,160.56
70.515,0x14,4.2624,1.8558,160.25
70.815,0x14,4.1989,1.8551,160.62
71.112,0x14,4.1379,1.8561,160.94
71.347,0x14,4.2801,1.4745,159.56
73.941,0x14,4.2213,1.4868,160.69
74.243,0x14,4.1678,1.4949,162.88
74.551,0x14,4.1288,1.4841,161.12
74.836,0x14,4.1007,1.4625,158.25
75.138,0x14,4.0663,1.4483,157.62
75.433,0x14,4.051,1.4218,158.38
75.545,0x14,4.2078,1.0237,158.5
75.73,0x14,4.1873,0.9967,158.94
76.032,0x14,4.1637,0.971,159.94
76.26,0x14,4.2862,0.4631,166.44
76.331,0x14,4.2576,0.4554,167.75
76.628,0x14,4.2307,0.4572,172.75
76.928,0x14,4.2038,0.469,183.62
77.229,0x14,4.1769,0.4943,193.75
77.524,0x14,4.1491,0.5185,205.81
77.822,0x14,4.1189,0.5354,218.06
78.124,0x14,4.0922,0.5407,232.62
78.423,0x14,4.0706,0.5377,241.62
78.72,0x14,4.0471,0.536,245.69
79.02,0x14,4.0203,0.5366,255.94
79.315,0x14,4.0049,0.5295,256.0
79.549,0x14,3.5281,0.386,253.25
79.617,0x14,3.5243,0.3793,252.75
79.914,0x14,3.5187,0.3763,250.19
80.215,0x14,3.503,0.3793,247.88
80.446,0x14,3.0578,0.2067,248.81
80.514,0x14,3.0633,0.2084,248.56
80.812,0x14,3.0673,0.2114,246.06
81.109,0x14,3.0752,0.2131,246.44
81.408,0x14,3.0837,0.2142,243.5
81.641,0x14,2.7055,0.1,240.19
81.711,0x14,2.7262,0.0031,238.5
82.008,0x14,2.746,0.0064,236.12
82.304,0x14,2.762,0.0081,234.62
82.417,0x14,2.3404,0.1,234.25
82.601,0x14,2.3717,0.1,232.62
82.903,0x14,2.4039,0.1,232.06
83.199,0x14,2.4364,0.1,236.0
83.432,0x14,2.0834,0.1,237.31
84.224,0x14,2.133,0.1,244.88
84.334,0x14,1.7089,0.1,244.75
84.518,0x14,1.7752,0.1,243.94
84.816,0x14,1.838,0.1,245.94
85.117,0x14,1.8961,0.1,243.88
85.415,0x14,1.9496,0.1,243.12
85.716,0x14,2.0003,0.1,245.44
85.946,0x14,1.4623,0.1,251.06
86.013,0x14,1.5418,0.1,252.5
86.314,0x14,1.6147,0.1,255.62
86.612,0x14,1.6851,0.1,261.62
86.908,0x14,1.7644,0.1,273.94
87.207,0x14,1.8404,0.1,302.44
87.502,0x14,1.9081,0.1,335.5
87.676,0x14,1.7835,0.0149,345.94
87.804,0x14,1.8524,0.0463,349.25
88.099,0x14,1.9256,0.0956,355.94
88.994,0x14,1.9959,0.1516,351.81
89.29,0x14,2.0471,0.1872,351.25
89.588,0x14,2.1026,0.2341,350.5
89.888,0x14,2.1289,0.2549,350.56
90.188,0x14,2.1441,0.2796,350.94
90.487,0x14,2.1407,0.2785,351.5
